<class_libraries>
  <library path="lib/librtabmap_costmap_plugins">
    <class type="rtabmap_ros::StaticLayer"     base_class_type="costmap_2d::Layer">
      <description>Listens to OccupancyGrid messages and copies them in, like from map_server.</description>
    </class>
  </library>
  <library path="lib/librtabmap_costmap_plugins2">
    <class type="rtabmap_ros::VoxelLayer"     base_class_type="costmap_2d::Layer">
      <description>Similar to obstacle costmap, but uses 3D voxel grid to store data.</description>
    </class>
  </library>
</class_libraries>

